Date,Supply Power,Load Power,Temperature,Holiday
20190101,26429.0,23872.0,17.747866247454706,2
20190102,30047.0,28148.0,18.225509850047303,0
20190103,30343.0,28452.0,19.387218966931005,0
20190104,30301.0,28490.0,21.31421306043767,0
20190105,27957.0,26054.0,21.142747401926577,2
20190106,26950.0,24617.0,19.478936558036924,2
20190107,30336.0,28536.0,20.932827735229502,0
20190108,30562.0,28719.0,20.681866221250868,0
20190109,30595.0,28641.0,20.185657527213056,0
20190110,30853.0,29006.0,21.94363491478438,0
20190111,30682.0,28798.0,22.046490681940046,0
20190112,28402.0,25905.0,21.033828054372467,2
20190113,27027.0,24629.0,19.838407916624334,2
20190114,30093.0,28348.0,20.365411607904562,0
20190115,30731.0,28887.0,20.661809358923115,0
20190116,30498.0,28649.0,17.44930344142911,0
20190117,30328.0,28395.0,16.376822909520868,0
20190118,29691.0,27756.0,18.28697978275041,0
20190119,28431.0,26477.0,19.180439447010034,0
20190120,27138.0,24539.0,19.25080534157815,2
20190121,29654.0,27739.0,16.009014262303875,0
20190122,30061.0,28140.0,14.983198284686896,0
20190123,29776.0,27838.0,16.368899789850165,0
20190124,29735.0,27863.0,17.972365766515402,0
20190125,29202.0,27296.0,18.482815214244802,0
20190126,27817.0,25282.0,16.076621597301898,2
20190127,26506.0,24414.0,16.218975892222133,2
20190128,29363.0,27557.0,17.834779908776035,0
20190129,29690.0,27858.0,19.57033231781102,0
20190130,29570.0,27760.0,20.47922480025136,0
20190131,29071.0,27181.0,21.12248851666255,0
20190201,26857.0,24709.0,16.72793867387322,0
20190202,25623.0,23382.0,19.569797376353115,2
20190203,24953.0,22915.0,21.871365453552585,2
20190204,22777.0,20214.0,19.893503327022163,2
20190205,22325.0,19992.0,19.2476894704328,2
20190206,22258.0,19936.0,21.043050655726315,2
20190207,23045.0,20938.0,22.71368688243302,2
20190208,24696.0,21581.0,18.634244979678428,2
20190209,25572.0,22436.0,18.394375445125334,2
20190210,26259.0,23236.0,18.50802677315313,2
20190211,28942.0,26667.0,18.324665777466628,0
20190212,29628.0,27768.0,20.764058538137334,0
20190213,29614.0,27699.0,20.62151712680358,0
20190214,30193.0,28250.0,20.580574353513008,0
20190215,30221.0,28262.0,21.906480209057182,0
20190216,27858.0,25432.0,19.895142210204714,2
20190217,27016.0,24343.0,18.63500955698457,2
20190218,30407.0,28645.0,21.0855307908689,0
20190219,30767.0,28876.0,22.313876823175267,0
20190220,30916.0,29078.0,23.39750366421117,0
20190221,30725.0,28912.0,22.338087506727092,0
20190222,30290.0,28420.0,19.26952535703347,0
20190223,28452.0,26723.0,16.705771419968656,0
20190224,26464.0,24694.0,16.927243512016318,2
20190225,29838.0,28084.0,18.660774925349962,0
20190226,30208.0,28390.0,19.427541098618143,0
20190227,29916.0,28013.0,21.251239200496194,0
20190228,27902.0,25472.0,20.744438927630192,2
20190301,27060.0,24689.0,20.60144405394134,2
20190302,26567.0,24734.0,22.224677050060947,2
20190303,26326.0,24102.0,20.246686932615845,2
20190304,29583.0,27688.0,19.80506414501698,0
20190305,30195.0,28241.0,20.976409383297625,0
20190306,29954.0,28032.0,19.45621068033815,0
20190307,30015.0,28147.0,15.137812211927738,0
20190308,29767.0,27951.0,16.094615735552846,0
20190309,28061.0,25870.0,19.032627393294142,2
20190310,26624.0,24801.0,18.64084319252726,2
20190311,29524.0,27730.0,17.928218925153185,0
20190312,29815.0,27936.0,20.730411376766934,0
20190313,30068.0,28145.0,21.44532512411596,0
20190314,30197.0,28417.0,21.066469896858234,0
20190315,29685.0,27757.0,18.467958318099264,0
20190316,27836.0,25318.0,20.39198057504569,2
20190317,26971.0,24681.0,20.980563328124706,2
20190318,30093.0,28338.0,21.88814031611222,0
20190319,30687.0,28882.0,22.632912638135632,0
20190320,31489.0,29645.0,24.712887201872636,0
20190321,32310.0,30343.0,25.851658066369378,0
20190322,31959.0,29618.0,22.50119441912643,0
20190323,27349.0,25265.0,17.54172789341663,2
20190324,26671.0,24812.0,17.66897316059566,2
20190325,30388.0,28535.0,19.8055765227458,0
20190326,30643.0,28756.0,21.258540720640145,0
20190327,31073.0,29140.0,23.404019891184852,0
20190328,31985.0,30093.0,25.56085129964855,0
20190329,31728.0,29673.0,24.081195174340806,0
20190330,27965.0,25810.0,22.420011104494225,2
20190331,26763.0,24466.0,21.334408364314427,2
20190401,29772.0,27842.0,18.2851515953811,0
20190402,30275.0,28359.0,20.9240304703663,0
20190403,30387.0,28483.0,21.62178541331239,0
20190404,28003.0,25663.0,23.340232865594828,2
20190405,26414.0,24542.0,22.527816251274036,2
20190406,26649.0,24966.0,23.542747908698907,2
20190407,27018.0,25240.0,25.109283840464112,2
20190408,32368.0,30399.0,25.982586122249803,0
20190409,33496.0,31532.0,26.825013182260793,0
20190410,33863.0,31709.0,25.837684820487638,0
20190411,32620.0,30541.0,23.16682094794113,0
20190412,31053.0,29035.0,21.41309617129795,0
20190413,28206.0,26446.0,22.77029890173783,2
20190414,28065.0,25537.0,23.87639515659141,2
20190415,30735.0,28749.0,21.77805209817342,0
20190416,30894.0,29017.0,20.693044228369907,0
20190417,31615.0,29565.0,23.313307173992737,0
20190418,32338.0,30335.0,25.326615528394207,0
20190419,32668.0,30748.0,24.296591245347276,0
20190420,28787.0,26910.0,25.417244467467565,2
20190421,28604.0,26306.0,25.264562634464625,2
20190422,33948.0,31955.0,26.923513241219425,0
20190423,35207.0,33181.0,28.21369924273381,0
20190424,35266.0,33263.0,28.097445737661516,0
20190425,35424.0,33134.0,28.442439580995693,0
20190426,34916.0,32664.0,27.17369166216134,0
20190427,29369.0,27376.0,25.386716539244325,2
20190428,28688.0,26948.0,26.078734819387577,2
20190429,35058.0,32847.0,27.504552706671024,0
20190430,35309.0,33099.0,27.75015464590334,0
20190501,29919.0,26826.0,22.702319750351588,0
20190502,31373.0,28690.0,21.23869081918882,0
20190503,31631.0,28315.0,22.688405654689287,0
20190504,28938.0,25819.0,23.748401720405546,2
20190505,27591.0,25336.0,24.73612204585721,2
20190506,31019.0,28615.0,21.61021067761888,0
20190507,31081.0,28472.0,20.300144714401654,0
20190508,31108.0,28968.0,22.303499534881883,0
20190509,31441.0,29229.0,22.878069068866406,0
20190510,32179.0,29571.0,23.92936300695465,0
20190511,29413.0,26576.0,25.245806594912647,2
20190512,29193.0,26484.0,27.040358236125748,2
20190513,34446.0,32135.0,28.147830186277147,0
20190514,35275.0,33144.0,27.7592108590681,0
20190515,35149.0,32896.0,27.87791840916007,0
20190516,35739.0,33307.0,28.575540787880183,0
20190517,34862.0,32316.0,27.16028681707175,0
20190518,32114.0,29523.0,28.29459258470947,2
20190519,31104.0,28977.0,29.27636685150261,2
20190520,35560.0,32213.0,25.23641742614535,0
20190521,33865.0,29978.0,24.199165463391385,0
20190522,34704.0,30150.0,24.596531427671597,0
20190523,35142.0,30430.0,24.50151971752263,0
20190524,35123.0,31548.0,27.04416740272258,0
20190525,31794.0,27810.0,27.615998258680822,2
20190526,31694.0,27905.0,27.961951601264605,2
20190527,35227.0,32521.0,27.391893737752486,0
20190528,35411.0,32242.0,25.601851152808173,0
20190529,36224.0,30319.0,24.34354675493899,0
20190530,36483.0,32116.0,26.69435956831897,0
20190531,37486.0,32971.0,28.300331021215467,0
20190601,32902.0,28860.0,27.699954396670236,2
20190602,32488.0,28856.0,29.479986108257943,2
20190603,37498.0,32958.0,28.653352020872095,0
20190604,36955.0,32409.0,27.232185030489156,0
20190605,37945.0,33916.0,28.807209936495248,0
20190606,38674.0,34889.0,29.83164885300117,0
20190607,34770.0,30068.0,30.038611954289628,2
20190608,32858.0,29548.0,29.740198355635027,2
20190609,33490.0,29408.0,30.03730358555022,2
20190610,37502.0,33355.0,27.677916499493598,0
20190611,36341.0,32126.0,25.407411434118732,0
20190612,36513.0,31095.0,25.00568085604477,0
20190613,35273.0,31680.0,25.910500304187,0
20190614,35772.0,30877.0,25.423530384956624,0
20190615,33122.0,27686.0,26.919947560187865,2
20190616,32635.0,27673.0,28.381081465753688,2
20190617,37468.0,33703.0,28.83198918152313,0
20190618,37996.0,34739.0,29.829744643601853,0
20190619,39258.0,35601.0,30.677237690314637,0
20190620,39662.0,35959.0,30.793890822451946,0
20190621,40008.0,35928.0,30.95589514657957,0
20190622,35113.0,30923.0,30.038426432354917,2
20190623,33049.0,28305.0,26.963535864277965,2
20190624,37104.0,31688.0,26.206427931164992,0
20190625,36804.0,33290.0,27.351908937214368,0
20190626,36928.0,32816.0,27.258794366372666,0
20190627,37640.0,33465.0,28.221585751193576,0
20190628,38530.0,34963.0,30.0010578872439,0
20190629,34155.0,30553.0,30.323674061093012,2
20190630,33522.0,30083.0,30.07565867424897,2
20190701,38849.0,35215.0,30.425279219194856,0
20190702,39935.0,35052.0,28.81068653683901,0
20190703,38706.0,33953.0,28.160456177913183,0
20190704,39052.0,34157.0,29.45933569192593,0
20190705,39567.0,33853.0,29.585858239957442,0
20190706,34449.0,30014.0,29.407839835963976,2
20190707,34278.0,29965.0,30.239101836271004,2
20190708,39621.0,35166.0,29.892460840713056,0
20190709,39052.0,34886.0,29.51431052758955,0
20190710,39164.0,35267.0,30.04400403044688,0
20190711,38719.0,34564.0,28.80248996405377,0
20190712,39970.0,35638.0,29.28466083581837,0
20190713,36491.0,31353.0,30.416650690977892,2
20190714,34198.0,30941.0,30.440506145665154,2
20190715,39898.0,36261.0,30.512872659978754,0
20190716,40150.0,36926.0,30.84654849106684,0
20190717,41153.0,37383.0,30.65125511438346,0
20190718,40002.0,35922.0,29.004194560775474,0
20190719,39994.0,35484.0,29.078435242777317,0
20190720,36836.0,30618.0,28.86450416406173,2
20190721,34994.0,29604.0,28.567224629184796,2
20190722,40246.0,34488.0,28.11744853603361,0
20190723,39770.0,35004.0,28.066039987056296,0
20190724,40609.0,35571.0,29.256032024550525,0
20190725,40591.0,35955.0,30.15950478084074,0
20190726,40420.0,36523.0,30.05270526813324,0
20190727,36553.0,31207.0,28.77494602256645,2
20190728,35368.0,29654.0,29.25532970607946,2
20190729,40478.0,35554.0,30.32435220281573,0
20190730,40714.0,36647.0,30.674164524008525,0
20190731,40536.0,36807.0,30.84969162903573,0
20190801,40524.0,36482.0,29.966291914707003,0
20190802,40810.0,35775.0,29.125174867355433,0
20190803,36920.0,31045.0,29.54228031852001,2
20190804,35151.0,31333.0,30.668207631546352,2
20190805,40649.0,36721.0,30.324238821776575,0
20190806,41157.0,36386.0,30.196903454184937,0
20190807,40786.0,36067.0,29.363641081338443,0
20190808,40648.0,36331.0,28.934772424613907,0
20190809,37717.0,30740.0,28.720242266839616,0
20190810,36049.0,31478.0,31.28695874551846,2
20190811,35251.0,31064.0,30.750654181279632,2
20190812,40272.0,34479.0,29.243658492058135,0
20190813,38658.0,33906.0,29.02743198806291,0
20190814,40164.0,36100.0,29.85960779776768,0
20190815,40630.0,34275.0,29.690712772813466,0
20190816,40427.0,34379.0,29.06608751859298,0
20190817,37079.0,30424.0,28.99816267218826,2
20190818,34759.0,28616.0,27.349751119163436,2
20190819,39330.0,32954.0,26.553158353499164,0
20190820,39597.0,33328.0,27.236065281175833,0
20190821,39972.0,33542.0,27.4323117050318,0
20190822,39807.0,34983.0,29.357990334986397,0
20190823,40025.0,35157.0,30.15781110444479,0
20190824,35969.0,28996.0,28.662368606912523,2
20190825,34452.0,28990.0,28.89609727210634,2
20190826,40403.0,35049.0,29.54469950749146,0
20190827,40285.0,35593.0,29.602612776002427,0
20190828,40601.0,36507.0,30.383213061426495,0
20190829,40424.0,36368.0,30.422957756941607,0
20190830,40228.0,34613.0,27.820255442920256,0
20190831,35403.0,30636.0,29.65248080507089,2
20190901,34611.0,29629.0,29.799572821824537,2
20190902,39989.0,35383.0,30.115756596259924,0
20190903,40050.0,35469.0,29.68743286811633,0
20190904,39136.0,33717.0,26.913600996882977,0
20190905,39153.0,33277.0,26.884721852443228,0
20190906,39285.0,34200.0,28.487449091011122,0
20190907,34982.0,30088.0,28.847846236127722,2
20190908,33239.0,29047.0,28.565359317652064,2
20190909,39318.0,34357.0,29.015737926025576,0
20190910,38812.0,34664.0,28.960930757842178,0
20190911,39916.0,35341.0,29.86030292254368,0
20190912,39889.0,35264.0,29.87408924359656,0
20190913,34199.0,29375.0,29.61376873234486,2
20190914,33070.0,28676.0,29.089979059178404,2
20190915,33578.0,28191.0,27.361008411431893,2
20190916,39253.0,33228.0,27.503515102680723,0
20190917,38936.0,32961.0,27.45880987855016,0
20190918,38470.0,32428.0,27.242454864507618,0
20190919,38401.0,31508.0,26.418605200621275,0
20190920,36939.0,30594.0,24.319150302246438,0
20190921,32072.0,26460.0,23.37246002616923,2
20190922,31257.0,25836.0,25.17693269989264,2
20190923,36566.0,29947.0,25.450532858747223,0
20190924,36722.0,30106.0,25.574102085949086,0
20190925,36388.0,30709.0,26.12425497668971,0
20190926,36821.0,31162.0,26.505287452391215,0
20190927,37499.0,31255.0,26.440857561376927,0
20190928,33013.0,28161.0,26.626709713886232,2
20190929,32241.0,27926.0,27.68517839869337,2
20190930,36162.0,28505.0,26.3895138236368,0
20191001,36449.0,31917.0,27.393048393791275,0
20191002,37393.0,33316.0,28.31014717039342,0
20191003,37506.0,33699.0,28.258301524099252,0
20191004,38091.0,33670.0,27.736741012639893,0
20191005,37012.0,32451.0,27.877858455521086,0
20191006,31819.0,28030.0,27.8214946495966,2
20191007,36591.0,32889.0,28.031958793723636,0
20191008,37289.0,32938.0,27.388293373716905,0
20191009,37046.0,32345.0,26.74952391211431,0
20191010,32222.0,27817.0,26.67723427269147,2
20191011,31667.0,27177.0,26.626299518764046,2
20191012,31704.0,26962.0,26.79544837485529,2
20191013,31796.0,26364.0,26.59001136900467,2
20191014,35975.0,30884.0,25.854748339331792,0
20191015,35615.0,30530.0,24.893551359151036,0
20191016,34313.0,30329.0,24.242497921615424,0
20191017,34761.0,30179.0,24.918982152714484,0
20191018,34982.0,30172.0,24.20364322955872,0
20191019,31218.0,26430.0,23.928204191674645,2
20191020,29653.0,25233.0,24.013625624782303,2
20191021,33493.0,29219.0,23.896840861621733,0
20191022,33840.0,30037.0,24.568082100331527,0
20191023,34065.0,30286.0,24.95620582892009,0
20191024,34172.0,30343.0,24.971574911209775,0
20191025,34251.0,30131.0,25.019299997849306,0
20191026,29599.0,26498.0,24.735682050049824,2
20191027,28487.0,25725.0,25.005908687289086,2
20191028,34260.0,30207.0,24.618714298816204,0
20191029,34240.0,29624.0,23.055413478018068,0
20191030,33380.0,29714.0,23.979517529254977,0
20191031,33719.0,30080.0,24.54889721396348,0
20191101,34261.0,30331.0,25.203875689735685,0
20191102,30083.0,26705.0,25.12909062918628,2
20191103,29165.0,25745.0,24.70217821872739,2
20191104,32647.0,29192.0,23.172992829295097,0
20191105,33016.0,29247.0,22.88224544763942,0
20191106,32766.0,29422.0,23.677259994477417,0
20191107,33353.0,29601.0,23.831476018915218,0
20191108,33641.0,28900.0,22.990060661884222,0
20191109,29609.0,25900.0,22.04152724247375,2
20191110,27748.0,24716.0,21.911703839035265,2
20191111,32227.0,28620.0,22.12428265758333,0
20191112,32897.0,29305.0,23.222111824135663,0
20191113,32660.0,29360.0,23.288853437486175,0
20191114,32776.0,28953.0,21.798393043474395,0
20191115,31914.0,28764.0,22.228016401624735,0
20191116,29275.0,26075.0,23.294270110642,2
20191117,27956.0,25366.0,23.732920023415353,2
20191118,32343.0,29306.0,22.571830837417796,0
20191119,32080.0,28743.0,19.795733625876935,0
20191120,32282.0,28935.0,20.522546752219725,0
20191121,32516.0,29520.0,21.471928391091783,0
20191122,32470.0,29500.0,22.856692293278297,0
20191123,29491.0,26796.0,23.594370507185168,2
20191124,28774.0,25584.0,23.96383262891979,2
20191125,32309.0,29340.0,22.63666180783242,0
20191126,32597.0,29285.0,21.787459782671306,0
20191127,32877.0,29312.0,21.80695054940301,0
20191128,32028.0,28610.0,19.576739013979253,0
20191129,31864.0,28472.0,19.930050091354982,0
20191130,28859.0,25855.0,21.463186469475374,2
20191201,28261.0,24836.0,21.66986499337859,2
20191202,31398.0,27936.0,17.70581725196399,0
20191203,31307.0,28157.0,17.53979203546714,0
20191204,31527.0,28474.0,17.682035273084775,0
20191205,31728.0,28706.0,15.524288046674473,0
20191206,31977.0,28563.0,15.424488561654046,0
20191207,28725.0,25824.0,15.092714789272941,2
20191208,27706.0,24750.0,16.705973912596356,2
20191209,31412.0,28207.0,18.431767029837026,0
20191210,31602.0,28456.0,19.617192189575373,0
20191211,31599.0,28397.0,19.614411993298738,0
20191212,31420.0,28422.0,19.381577843073128,0
20191213,31524.0,28370.0,19.995408401642532,0
20191214,28711.0,25676.0,20.713791555640267,2
20191215,27529.0,24717.0,21.8586745208962,2
20191216,31890.0,28851.0,21.367656269428846,0
20191217,32423.0,29234.0,22.854497783674464,0
20191218,32339.0,29085.0,21.488971422737364,0
20191219,32059.0,28952.0,20.118779678627234,0
20191220,31727.0,28581.0,19.29557538930621,0
20191221,29167.0,26352.0,20.336286919909455,2
20191222,27862.0,25115.0,20.411742180688314,2
20191223,32117.0,28787.0,20.27328193055044,0
20191224,32280.0,28996.0,20.23894189397878,0
20191225,32571.0,28965.0,21.1881790903758,0
20191226,32218.0,28955.0,20.939195014398514,0
20191227,31073.0,27867.0,16.999990723594255,0
20191228,28502.0,25349.0,19.496845694499346,2
20191229,27888.0,24989.0,19.00464077381416,2
20191230,31134.0,27991.0,20.090016653033253,0
20191231,30472.0,27364.0,17.276645533024375,0
20200101,28125.0,25335.0,17.150773600325717,2
20200102,31303.0,28223.0,19.393788565683504,0
20200103,31676.0,28292.0,20.044544163231123,0
20200104,29219.0,25583.0,20.197904898115276,2
20200105,27456.0,24761.0,21.042642067443236,2
20200106,31653.0,28644.0,20.479543343743178,0
20200107,32248.0,29144.0,21.419063328989925,0
20200108,31779.0,28544.0,19.255874980748832,0
20200109,31861.0,28730.0,19.35808325354759,0
20200110,31774.0,28476.0,20.741131502723345,0
20200111,29193.0,25342.0,19.629788028257625,2
20200112,27933.0,24842.0,16.45628807436155,2
20200113,31804.0,28647.0,16.938270809987817,0
20200114,32213.0,28801.0,18.230982150736835,0
20200115,31817.0,28431.0,18.372950859893766,0
20200116,31719.0,28714.0,19.3175109184717,0
20200117,31585.0,28186.0,16.493838661982608,0
20200118,29228.0,26068.0,15.330081084809214,2
20200119,28656.0,25322.0,16.007142640837593,2
20200120,31153.0,27970.0,16.706049712140956,0
20200121,30776.0,27517.0,18.57702063107246,0
20200122,29635.0,25748.0,20.90495439172611,0
20200123,26875.0,23531.0,22.18592264948486,2
20200124,25026.0,21543.0,21.331684283803384,2
20200125,24573.0,21022.0,20.146151694510717,2
20200126,24702.0,21174.0,18.136430806170953,2
20200127,25414.0,21710.0,16.02979359039298,2
20200128,26470.0,22817.0,14.285756836049757,2
20200129,27288.0,23984.0,13.068330400233956,2
20200130,29314.0,26323.0,12.310392003231478,0
20200131,30075.0,26714.0,12.822385085665536,0
20200201,29101.0,25211.0,14.714740913263073,2
20200202,28063.0,24816.0,17.309266121972932,2
20200203,32048.0,27960.0,17.682606226279038,0
20200204,31745.0,28443.0,17.414659359998456,0
20200205,32040.0,28397.0,17.0869069125971,0
20200206,31829.0,28482.0,19.08213246212989,0
20200207,32042.0,28275.0,17.25680367812887,0
20200208,29290.0,25630.0,16.622782197409332,2
20200209,28234.0,25150.0,15.895757617220768,2
20200210,31429.0,28283.0,17.474969816145467,0
20200211,31882.0,28663.0,19.045143971547574,0
20200212,31881.0,28533.0,21.629123896935855,0
20200213,32340.0,29094.0,22.47905327017714,0
20200214,32322.0,29199.0,22.24012529389705,0
20200215,30766.0,27770.0,23.745104276441587,0
20200216,29047.0,25062.0,16.68267079031022,2
20200217,32044.0,28300.0,12.592020789284312,0
20200218,32675.0,28426.0,14.585231368762406,0
20200219,31938.0,28374.0,17.353177746811102,0
20200220,31745.0,28613.0,18.170928003967163,0
20200221,31665.0,28527.0,19.378838163862486,0
20200222,29721.0,26047.0,19.385667063185117,2
20200223,28803.0,25064.0,20.028138169127974,2
20200224,31837.0,28827.0,21.88247773477217,0
20200225,32320.0,29196.0,23.094114284329933,0
20200226,32634.0,29467.0,23.148315853395953,0
20200227,32621.0,28368.0,20.847562567224585,0
20200228,29642.0,26356.0,21.745918678120212,2
20200229,28483.0,25677.0,23.022278885961146,2
20200301,28307.0,24986.0,22.11093224107827,2
20200302,31852.0,28557.0,19.32009409773389,0
20200303,32289.0,29183.0,21.23401997276284,0
20200304,32616.0,28858.0,19.79392161814136,0
20200305,32126.0,28608.0,16.545274069893544,0
20200306,31748.0,28569.0,20.07140011801615,0
20200307,29894.0,26182.0,22.479998950610465,2
20200308,28936.0,25557.0,23.45204245318351,2
20200309,32862.0,29653.0,23.993153870418066,0
20200310,32522.0,28591.0,19.86598961265042,0
20200311,31786.0,28531.0,19.063873535335258,0
20200312,32350.0,29348.0,21.51241517434575,0
20200313,32263.0,29165.0,21.46405860611899,0
20200314,29628.0,25802.0,17.421452229044284,2
20200315,28330.0,24837.0,18.372742236556874,2
20200316,32804.0,27984.0,20.135071512992283,0
20200317,32896.0,28753.0,21.19473500009517,0
20200318,33271.0,29118.0,21.359855714500785,0
20200319,32474.0,29389.0,21.657331710178635,0
20200320,32730.0,29030.0,22.624736725593166,0
20200321,29655.0,26635.0,24.182462482160997,2
20200322,29174.0,26088.0,25.378132582272016,2
20200323,33143.0,29372.0,23.173423233509073,0
20200324,33595.0,29470.0,23.01111356051072,0
20200325,33615.0,30038.0,24.515386732799218,0
20200326,34029.0,30842.0,26.441202747497098,0
20200327,34524.0,31260.0,25.648579684016326,0
20200328,29959.0,25893.0,20.551030954148477,2
20200329,28641.0,25152.0,19.25796497164918,2
20200330,32224.0,28716.0,21.472672919990043,0
20200331,32484.0,29162.0,22.550642092905463,0
20200401,32373.0,28278.0,20.379389760825706,0
20200402,29551.0,25443.0,20.209230116416727,2
20200403,28869.0,25120.0,21.054442279743768,2
20200404,28652.0,24238.0,19.82245162734484,2
20200405,28596.0,24347.0,18.892826742697352,2
20200406,32300.0,28246.0,18.821129025719063,0
20200407,32145.0,28108.0,18.394725321979653,0
20200408,31610.0,28246.0,19.945760348847244,0
20200409,31963.0,28285.0,21.50623606221582,0
20200410,33120.0,28470.0,23.285891291401754,0
20200411,28931.0,25752.0,21.625264238510297,2
20200412,27413.0,24604.0,17.6114784304099,2
20200413,30942.0,27614.0,18.007703174298285,0
20200414,31447.0,27884.0,20.549622120884234,0
20200415,31679.0,28182.0,21.872801343515256,0
20200416,31672.0,28528.0,22.885372677901188,0
20200417,32599.0,28990.0,23.9396342006062,0
20200418,30146.0,26657.0,25.33921979062145,2
20200419,29546.0,26518.0,26.087222230050415,2
20200420,34077.0,29986.0,25.250214407957657,0
20200421,34362.0,29986.0,23.937965016146258,0
20200422,32626.0,28595.0,21.3387811606273,0
20200423,31998.0,28050.0,19.80752435782675,0
20200424,31626.0,27678.0,18.550606278933916,0
20200425,28825.0,25659.0,21.594044059280993,2
20200426,28230.0,25110.0,22.64013885932717,2
20200427,32516.0,28706.0,23.512431551744296,0
20200428,33642.0,28955.0,24.663789695414994,0
20200429,32878.0,29532.0,25.51523972556177,0
20200430,34477.0,29613.0,25.901777491595613,0
20200501,30298.0,26786.0,26.680335435078877,0
20200502,29887.0,26473.0,27.35995578349598,2
20200503,29782.0,26815.0,27.725534298722266,2
20200504,35816.0,32340.0,28.67285634685377,0
20200505,36721.0,33321.0,28.76983953115896,0
20200506,36390.0,32964.0,27.762937631899863,0
20200507,36246.0,32510.0,27.374402527780397,0
20200508,37205.0,33791.0,28.646246627800934,0
20200509,33523.0,29700.0,29.63434666169288,2
20200510,32439.0,29424.0,29.165657435746827,2
20200511,36553.0,33203.0,27.397093098279967,0
20200512,35739.0,31973.0,25.241381570148786,0
20200513,36463.0,32264.0,27.07333140265435,0
20200514,36824.0,33442.0,28.402905189818377,0
20200515,37409.0,33787.0,28.99680467066102,0
20200516,33975.0,30028.0,28.056454561433046,2
20200517,32935.0,28694.0,28.46831156313555,2
20200518,36888.0,32803.0,26.770845931569916,0
20200519,35962.0,31336.0,24.247186882062216,0
20200520,36458.0,31507.0,25.06794967206886,0
20200521,35554.0,31571.0,25.13687220487248,0
20200522,34567.0,30892.0,24.45595247983479,0
20200523,30959.0,26898.0,24.621010607857347,2
20200524,31194.0,26905.0,26.732964742983615,2
20200525,36380.0,32438.0,27.50352408243925,0
20200526,36459.0,32896.0,27.69073403871098,0
20200527,36376.0,31444.0,25.048636609381617,0
20200528,36780.0,31519.0,24.87910311927023,0
20200529,36642.0,32544.0,26.493478229431407,0
20200530,32699.0,28513.0,28.492992803338467,2
20200531,32206.0,28776.0,29.198878957799213,2
20200601,37293.0,33660.0,29.279273821204292,0
20200602,38452.0,34381.0,29.173475202393742,0
20200603,38653.0,34490.0,29.853807633919534,0
20200604,38689.0,34935.0,30.11397255988504,0
20200605,38543.0,34861.0,30.170482693230433,0
20200606,34992.0,30752.0,29.68126603594524,2
20200607,32656.0,28121.0,27.44645041826022,2
20200608,36941.0,32361.0,26.41924650864764,0
20200609,36875.0,32360.0,27.126416521371333,0
20200610,38137.0,33770.0,29.046033115965084,0
20200611,38206.0,34220.0,29.518066649955543,0
20200612,38596.0,35010.0,30.095035281242577,0
20200613,35316.0,31552.0,30.37964969795133,2
20200614,34393.0,29821.0,28.828764502649925,2
20200615,40129.0,35096.0,29.69948705369735,0
20200616,39696.0,35674.0,30.187451556891126,0
20200617,40135.0,36160.0,30.493307601659147,0
20200618,40155.0,35964.0,30.647236168761616,0
20200619,40202.0,36340.0,30.728043569565873,0
20200620,38988.0,35313.0,30.76522515894729,0
20200621,35108.0,31624.0,30.525071875149095,2
20200622,40476.0,36627.0,30.811817708306293,0
20200623,40615.0,36847.0,31.288905733918813,0
20200624,41256.0,37170.0,30.92098818009156,0
20200625,35231.0,31852.0,30.9162113193657,2
20200626,34259.0,30352.0,29.250975573820785,2
20200627,34086.0,30466.0,30.389998662615454,2
20200628,34519.0,31107.0,30.507401434635394,2
20200629,40364.0,36351.0,30.641110650895914,0
20200630,41328.0,36682.0,30.28557379235535,0
20200701,40360.0,36331.0,29.339706805013044,0
20200702,40305.0,35847.0,28.262049025155438,0
20200703,39929.0,35798.0,29.477641210874395,0
20200704,36211.0,31924.0,30.209538938531978,2
20200705,34694.0,31219.0,30.495442775639034,2
20200706,40904.0,35888.0,30.36930635104391,0
20200707,40936.0,36326.0,30.504821147683597,0
20200708,41421.0,37106.0,30.69938006911386,0
20200709,41053.0,36686.0,30.858294015216522,0
20200710,41209.0,36830.0,31.008081727050445,0
20200711,36606.0,32935.0,30.966009463293492,2
20200712,35741.0,32223.0,31.37946993591678,2
20200713,41502.0,37528.0,31.63114437968471,0
20200714,41714.0,37790.0,31.12352189342998,0
20200715,40965.0,36755.0,30.117849776117872,0
20200716,40988.0,35903.0,30.26706172660053,0
20200717,41138.0,36882.0,30.799955818104827,0
20200718,37514.0,33193.0,31.382237160057738,2
20200719,35959.0,31831.0,30.499611348882098,2
20200720,41789.0,37521.0,29.20363598642245,0
20200721,41958.0,36825.0,29.638007016448345,0
20200722,41633.0,37367.0,30.51093941623288,0
20200723,41868.0,38020.0,30.207982263709983,0
20200724,41686.0,37557.0,31.32393938730978,0
20200725,37535.0,32838.0,30.39667220531745,2
20200726,35266.0,30548.0,29.32745586816404,2
20200727,41325.0,36760.0,28.833022014437322,0
20200728,40863.0,36333.0,28.398002006818437,0
20200729,41198.0,36353.0,29.65167458591138,0
20200730,41052.0,35592.0,30.00321261521963,0
20200731,40438.0,36300.0,31.082379884450962,0
20200801,36803.0,32682.0,30.701328843577674,2
20200802,34564.0,30754.0,29.629415723637518,2
20200803,38616.0,33718.0,26.41634131882926,0
20200804,38389.0,34036.0,27.160954087909918,0
20200805,39761.0,35374.0,29.234546150767486,0
20200806,40446.0,36593.0,30.38247610321247,0
20200807,40542.0,36682.0,30.25723863093353,0
20200808,36232.0,32361.0,30.16846494828821,2
20200809,34353.0,31166.0,30.0076150886147,2
20200810,40137.0,36411.0,29.199286625239882,0
20200811,39551.0,35167.0,27.771417799426434,0
20200812,40807.0,36537.0,28.982550308278263,0
20200813,40952.0,36301.0,29.297331126772438,0
20200814,40963.0,35941.0,28.866114803956975,0
20200815,36145.0,31204.0,27.961826471759554,2
20200816,34343.0,29721.0,28.62458825366007,2
20200817,40123.0,35538.0,29.774120861245986,0
20200818,40515.0,36279.0,29.85947425707794,0
20200819,40865.0,36996.0,30.36549452080226,0
20200820,41202.0,36818.0,30.36602634746437,0
20200821,40685.0,36823.0,30.126128297697353,0
20200822,34383.0,30985.0,27.84108174015236,2
20200823,33542.0,30245.0,28.78777870933245,2
20200824,40178.0,36483.0,29.965588644492787,0
20200825,40885.0,37073.0,30.67101681272834,0
20200826,39623.0,35827.0,28.72757607826938,0
20200827,39652.0,35107.0,27.350890392807887,0
20200828,39394.0,35122.0,28.483849938285015,0
20200829,35312.0,31138.0,29.163482059888622,2
20200830,34763.0,30677.0,30.009863056519453,2
20200831,39916.0,35197.0,28.43688394097808,0
20200901,39898.0,35420.0,29.064971896384094,0
20200902,40360.0,36492.0,30.55403546516385,0
20200903,40285.0,35474.0,28.443024291204733,0
20200904,40850.0,35980.0,29.03712742654335,0
20200905,34680.0,30758.0,28.70195025151976,2
20200906,31794.0,27921.0,27.785222012014707,2
20200907,38299.0,33937.0,28.153676454047243,0
20200908,39289.0,35134.0,29.16610152281378,0
20200909,39546.0,35370.0,29.148031547937325,0
20200910,39693.0,35438.0,28.39991262503371,0
20200911,39682.0,35598.0,29.01915901007834,0
20200912,34694.0,31311.0,28.559533258973765,2
20200913,33054.0,30030.0,28.122118931308616,2
20200914,39358.0,35640.0,29.149071543645828,0
20200915,40037.0,36312.0,29.399546716869263,0
20200916,40254.0,36521.0,29.740819157922374,0
20200917,40570.0,36846.0,30.257824923261072,0
20200918,40622.0,36893.0,29.937076032412662,0
20200919,35803.0,32486.0,29.4815946283616,2
20200920,33402.0,29517.0,27.83340690802379,2
20200921,38959.0,34397.0,28.02246945089858,0
20200922,39362.0,34237.0,27.7763589285498,0
20200923,39461.0,34689.0,27.98421387498149,0
20200924,38959.0,33525.0,26.378055966947564,0
20200925,37286.0,32012.0,25.486642976914176,0
20200926,35642.0,31095.0,25.79943293412034,0
20200927,31297.0,26808.0,24.143230121113646,2
20200928,35668.0,31113.0,24.48789293087205,0
20200929,36005.0,31746.0,25.887705140822142,0
20200930,36008.0,30723.0,24.126611449494945,0
20201001,31043.0,26398.0,26.227612460814754,2
20201002,30535.0,27075.0,27.31083083717059,2
20201003,30966.0,27548.0,28.072981198252055,2
20201004,31872.0,28281.0,28.621621843271882,2
20201005,37047.0,32508.0,26.102771995217058,0
20201006,36139.0,31900.0,25.380750512519874,0
20201007,35407.0,31307.0,25.069985042800013,0
20201008,35531.0,30813.0,25.04337439054447,0
20201009,31793.0,27483.0,24.658312697811166,2
20201010,30682.0,27387.0,25.178381160281212,2
20201011,30519.0,27431.0,26.414121550950767,2
20201012,36424.0,33063.0,27.049080758250064,0
20201013,36854.0,33389.0,26.21766696726918,0
20201014,36790.0,32798.0,26.43299606398582,0
20201015,36608.0,32682.0,26.487450945056242,0
20201016,36679.0,32878.0,26.26052480230317,0
20201017,32108.0,28021.0,24.743379019477114,2
20201018,30516.0,26570.0,24.091225873619884,2
20201019,35551.0,31046.0,24.247873391708563,0
20201020,35876.0,31632.0,25.087754625286358,0
20201021,35676.0,32367.0,25.9167046993122,0
20201022,35543.0,31202.0,23.222393027158795,0
20201023,33701.0,29698.0,20.978296572562755,0
20201024,30683.0,26791.0,23.18471100009913,2
20201025,30151.0,26126.0,24.669615945677958,2
20201026,34595.0,31092.0,25.761276456914835,0
20201027,35071.0,31669.0,26.15210838920807,0
20201028,35429.0,31959.0,26.12520991498832,0
20201029,34978.0,31271.0,25.224444602244287,0
20201030,34479.0,30264.0,23.945037870725592,0
20201031,30482.0,26763.0,23.735620792399107,2
20201101,29696.0,26127.0,24.96750997290869,2
20201102,33953.0,30430.0,24.705565917607718,0
20201103,33163.0,29974.0,22.64240958872582,0
20201104,33339.0,29788.0,22.647361483671176,0
20201105,33663.0,30344.0,23.669731452688847,0
20201106,35055.0,31792.0,25.934333689557207,0
20201107,31405.0,28206.0,25.745636714938588,2
20201108,29547.0,25619.0,21.514491241367256,2
20201109,33448.0,29368.0,21.127263066012166,0
20201110,33402.0,29812.0,21.083828511703597,0
20201111,33320.0,29612.0,22.618932872195227,0
20201112,33593.0,30403.0,22.907416353518446,0
20201113,33559.0,30186.0,22.75408170504911,0
20201114,30510.0,27146.0,22.844930886142098,2
20201115,29565.0,26102.0,24.506903524638652,2
20201116,34111.0,30964.0,25.051433195417093,0
20201117,34607.0,31405.0,25.615793077687705,0
20201118,35177.0,31816.0,25.577006113899184,0
20201119,35383.0,32069.0,26.257492585673567,0
20201120,35666.0,32023.0,26.008254833063017,0
20201121,31603.0,28675.0,25.285328452744967,2
20201122,29650.0,26885.0,24.758713591807,2
20201123,33976.0,30832.0,23.320641090485065,0
20201124,34084.0,30950.0,23.683707856627432,0
20201125,34797.0,31491.0,24.619063254828117,0
20201126,34573.0,31429.0,25.201448460388573,0
20201127,33669.0,30174.0,22.684281492006967,0
20201128,29814.0,26837.0,21.195602779732766,2
20201129,28529.0,25242.0,20.38691159097095,2
20201130,32437.0,29117.0,20.22566420548357,0
20201201,32814.0,29577.0,20.423064593201488,0
20201202,32582.0,29532.0,20.66190503383138,0
20201203,32478.0,29310.0,18.29895315668486,0
20201204,32466.0,29382.0,18.420163513183123,0
20201205,30262.0,26644.0,19.402884708799963,2
20201206,28297.0,25606.0,20.62221264710921,2
20201207,32832.0,29726.0,21.44702883089601,0
20201208,33028.0,29864.0,19.90706273149298,0
20201209,33229.0,30135.0,19.87919432592976,0
20201210,33283.0,30197.0,21.68427379153957,0
20201211,33050.0,29921.0,21.435437297553722,0
20201212,29946.0,26664.0,20.93912711926627,2
20201213,28289.0,25459.0,20.953597477905348,2
20201214,32639.0,29617.0,19.248115208633227,0
20201215,32714.0,29702.0,17.324016305461598,0
20201216,32818.0,29798.0,17.384052684298883,0
20201217,32878.0,29878.0,18.171606485598147,0
20201218,32849.0,29802.0,19.51442031178117,0
20201219,29790.0,26743.0,17.90232851380485,2
20201220,29274.0,25658.0,17.563461288403143,2
20201221,32722.0,29650.0,16.90032494612763,0
20201222,33107.0,29908.0,19.276341364562377,0
20201223,33388.0,30312.0,19.636852613795728,0
20201224,33402.0,29857.0,19.1716346732641,0
20201225,32717.0,29299.0,18.53439809908462,0
20201226,29798.0,26732.0,20.281365122296524,2
20201227,28846.0,25977.0,20.25403601519724,2
20201228,32626.0,29491.0,20.968775074415188,0
20201229,33114.0,30020.0,21.702727584656316,0
20201230,32211.0,29093.0,14.007039333443588,0
20201231,31598.0,28444.0,10.671103693282598,0
20210101,28487.0,25720.0,13.800664063340115,2
20210102,28421.0,25485.0,15.012565537404866,2
20210103,28513.0,25476.0,17.71484085865526,2
20210104,32766.0,29734.0,18.15336316368326,0
20210105,33117.0,30050.0,17.47750432672329,0
20210106,33429.0,30327.0,16.09429704373742,0
20210107,33602.0,30500.0,13.242973360585326,0
20210108,33518.0,30412.0,8.944142836624758,0
20210109,31269.0,28068.0,10.129522423934091,2
20210110,30161.0,27255.0,13.363162428690336,2
20210111,33772.0,30679.0,12.370745862574715,0
20210112,33749.0,30633.0,11.089621933007663,0
20210113,33108.0,29994.0,13.805731187189588,0
20210114,33153.0,30021.0,15.360703946322676,0
20210115,32864.0,29555.0,16.251804325808628,0
20210116,30167.0,27121.0,17.37140302886699,2
20210117,29746.0,26712.0,14.59773762616468,2
20210118,33095.0,29938.0,14.601472396111053,0
20210119,33148.0,29990.0,17.048717569351794,0
20210120,33134.0,29984.0,19.577352430986878,0
20210121,33359.0,30285.0,21.68858194347931,0
20210122,33192.0,30095.0,21.784775564130307,0
20210123,30421.0,27218.0,19.9069293205864,2
20210124,28790.0,25717.0,18.387489212547482,2
20210125,33063.0,29794.0,18.891864981512697,0
20210126,33152.0,29933.0,18.55254257567409,0
20210127,32652.0,29588.0,18.352848598181208,0
20210128,32843.0,29557.0,16.54315078652302,0
20210129,32472.0,29269.0,15.868298801124984,0
20210130,30109.0,26662.0,17.641112572922683,2
20210131,28364.0,25458.0,18.135128938949755,2
20210201,31980.0,29042.0,18.587929647145547,0
20210202,32772.0,29726.0,18.085187879044074,0
20210203,32629.0,29623.0,18.838330541141385,0
20210204,32787.0,29655.0,19.5632205282842,0
20210205,32351.0,29291.0,20.09860395964708,0
20210206,29743.0,26677.0,19.687027889041087,2
20210207,28678.0,25915.0,20.30673035064443,2
20210208,30962.0,27915.0,19.58559365535872,0
20210209,28994.0,26114.0,18.389094784719404,0
20210210,27257.0,24370.0,20.23880556604121,2
20210211,24966.0,22133.0,18.57792024466474,2
20210212,24905.0,21913.0,19.251750156790415,2
20210213,24980.0,21956.0,19.477151885106554,2
20210214,25351.0,22440.0,18.838201511961433,2
20210215,26109.0,23465.0,19.08327633998639,2
20210216,27716.0,24715.0,20.35596328273768,2
20210217,30715.0,27891.0,17.146273091204932,0
20210218,31440.0,28533.0,15.669525789643997,0
20210219,31512.0,28627.0,16.217078462447798,0
20210220,30367.0,27392.0,16.79011480000168,0
20210221,28396.0,25257.0,18.260507300117247,2
20210222,32355.0,29366.0,19.834251950888074,0
20210223,33028.0,29919.0,20.939593016083965,0
20210224,33080.0,30031.0,21.956132958766776,0
20210225,33100.0,30072.0,21.977131502970554,0
20210226,32780.0,29739.0,21.094400097745257,0
20210227,29214.0,26456.0,18.317021401119202,2
20210228,27689.0,25017.0,19.10171189547932,2
20210301,29388.0,26556.0,22.07226456037253,2
20210302,32637.0,29416.0,18.34985128704104,0
20210303,32752.0,29677.0,17.815651564603954,0
20210304,32873.0,29785.0,19.015223255460967,0
20210305,33137.0,29869.0,21.38873906762296,0
20210306,29717.0,26912.0,20.04805042211663,2
20210307,28545.0,25794.0,18.862496665808862,2
20210308,32882.0,29772.0,18.993052602473693,0
20210309,32995.0,29947.0,20.014357515273005,0
20210310,32961.0,29906.0,20.097877594210832,0
20210311,33116.0,30040.0,21.339914414805264,0
20210312,33200.0,29928.0,21.165873184797125,0
20210313,29872.0,26797.0,20.226102934360128,2
20210314,28574.0,25641.0,20.927623795210582,2
20210315,33163.0,30088.0,22.060740835640384,0
20210316,33771.0,30684.0,23.669093463403254,0
20210317,33899.0,30716.0,22.94344929396726,0
20210318,33938.0,30724.0,22.078502223247302,0
20210319,34002.0,30865.0,23.065961381723415,0
20210320,30585.0,27747.0,23.31227382194591,2
20210321,28874.0,25688.0,18.692317955635914,2
20210322,32832.0,29607.0,26.119382212390015,0
20210323,33263.0,29726.0,26.258306394057758,0
20210324,33109.0,30050.0,25.47624118432447,0
20210325,33126.0,29854.0,22.07426864100223,0
20210326,33208.0,29929.0,20.074919151272532,0
20210327,30894.0,27693.0,20.70887920129714,2
20210328,29783.0,26864.0,21.486180757285965,2
20210329,34641.0,31460.0,21.032911043656828,0
20210330,35318.0,32056.0,18.59607119805182,0
20210331,35323.0,32094.0,20.202340528017217,0
20210401,35475.0,32005.0,23.277068409815165,0
20210402,32253.0,29093.0,24.2806110327056,2
20210403,30687.0,27630.0,24.0866762261233,2
20210404,28213.0,25218.0,21.803229981442243,2
20210405,28935.0,26063.0,22.027476478965614,2
20210406,33031.0,29830.0,22.833609635497204,0
20210407,33132.0,29885.0,23.616741533008554,0
20210408,33381.0,30083.0,22.75343346907416,0
20210409,32687.0,29476.0,22.851696216437766,0
20210410,29983.0,27017.0,24.4986754948879,2
20210411,29471.0,26623.0,25.457554374817224,2
20210412,34357.0,31152.0,26.296318601832443,0
20210413,34818.0,31623.0,25.092202603128786,0
20210414,33845.0,30610.0,25.057202575936127,0
20210415,33900.0,30692.0,23.412333967169555,0
20210416,33989.0,30669.0,24.119312877282734,0
20210417,30434.0,27551.0,23.907863771686458,2
20210418,28991.0,26128.0,22.984546299091097,2
20210419,33851.0,30760.0,21.163267070996824,0
20210420,34546.0,31332.0,23.84651500083185,0
20210421,35186.0,31884.0,25.109960591652985,0
20210422,36050.0,32765.0,25.858795163612065,0
20210423,35469.0,32135.0,25.983471774882336,0
20210424,31402.0,28413.0,27.225442047617314,2
20210425,29452.0,26541.0,24.530735754320723,2
20210426,34525.0,31328.0,25.222355637248906,0
20210427,35241.0,31767.0,27.54859695135653,0
20210428,34680.0,31511.0,27.051631911972905,0
20210429,33519.0,30223.0,27.541916715551658,0
20210430,31458.0,28400.0,28.27549481992154,0
20210501,30174.0,27290.0,28.852171191896385,2
20210502,30183.0,27208.0,29.556870102385318,2
20210503,35000.0,31766.0,29.588952585638964,0
20210504,36402.0,33042.0,29.45490304085648,0
20210505,36254.0,32676.0,29.68465854916272,0
20210506,36541.0,33076.0,30.280094131106697,0
20210507,37704.0,34186.0,29.90073477044079,0
20210508,33644.0,30339.0,29.20463548978557,2
20210509,32192.0,29217.0,29.359885422483732,2
20210510,38606.0,35087.0,29.892341409306663,0
20210511,39604.0,35993.0,29.907629352401813,0
20210512,40329.0,36660.0,29.49579053888192,0
20210513,40387.0,36705.0,30.242494664676162,0
20210514,40397.0,37053.0,29.41142121457754,0
20210515,37464.0,33957.0,28.430954469843215,2
20210516,35742.0,32436.0,29.486716872972444,2
20210517,38879.0,37442.0,30.64552813587629,0
20210518,40383.0,37288.0,30.608632081803435,0
20210519,40454.0,37574.0,28.046229706549155,0
20210520,40017.0,37447.0,26.330952424213432,0
20210521,40561.0,37679.0,25.663187112211016,0
20210522,37526.0,33873.0,26.93025650219803,2
20210523,34358.0,32114.0,28.587263204447535,2
20210524,40178.0,37893.0,29.984211829351707,0
20210525,40090.0,37293.0,28.738650190880126,0
20210526,39511.0,37123.0,25.657185135551714,0
20210527,40545.0,38022.0,24.36055641995259,0
20210528,40727.0,38401.0,26.61734885020774,0
20210529,36478.0,31488.0,28.408901338595854,2
20210530,32170.0,28566.0,28.556053296628182,2
20210531,37716.0,33639.0,29.131305854654233,0
20210601,37652.0,34090.0,29.558842534464844,0
20210602,39679.0,35690.0,29.5625582201068,0
20210603,40383.0,36584.0,29.42490531391579,0
20210604,40193.0,36467.0,30.218139884737724,0
20210605,34041.0,30054.0,30.406704820443146,2
20210606,31346.0,27283.0,30.132777564768595,2
20210607,37461.0,32859.0,30.706904970793843,0
20210608,38636.0,34861.0,30.823120121852785,0
20210609,39244.0,35330.0,30.48662374428614,0
20210610,39540.0,35791.0,29.761180293774682,0
20210611,39017.0,36117.0,29.226506516721386,0
20210612,36236.0,33190.0,26.581671150983798,2
20210613,34015.0,31286.0,25.686942794550294,2
20210614,35370.0,32097.0,26.066260383579685,2
20210615,40967.0,37217.0,26.46159262104875,0
20210616,40511.0,36796.0,28.00582307984581,0
20210617,41733.0,37900.0,28.732029896353932,0
20210618,41932.0,38084.0,28.234219727583916,0
20210619,38517.0,33832.0,28.660845150398902,2
20210620,35923.0,31767.0,29.55482374334676,2
20210621,39968.0,35982.0,30.111277890709726,0
20210622,39100.0,35511.0,30.21693809887202,0
20210623,37714.0,33813.0,30.002529275990437,0
20210624,38510.0,33816.0,29.973640929306743,0
20210625,39226.0,33637.0,30.16032812519699,0
20210626,34931.0,30728.0,29.680997866859286,2
20210627,34576.0,30256.0,29.578169521030926,2
20210628,39839.0,34834.0,30.20222424230738,0
20210629,40538.0,35256.0,30.609333708097655,0
20210630,42129.0,36142.0,30.2848919301821,0
20210701,42878.0,36840.0,29.982228823034852,0
20210702,42127.0,37525.0,29.623255615470057,0
20210703,38095.0,33769.0,29.006994929062998,2
20210704,36200.0,31675.0,29.428829746497648,2
20210705,39664.0,37396.0,29.401703787122003,0
20210706,41376.0,37452.0,29.33647253454642,0
20210707,41532.0,37733.0,29.820045929641708,0
20210708,41795.0,37990.0,29.911570823658305,0
20210709,42021.0,38163.0,30.007540067769057,0
20210710,38367.0,34556.0,29.20919979041874,2
20210711,35564.0,32170.0,28.453919105292208,2
20210712,41676.0,38212.0,27.969073977389055,0
20210713,41471.0,38599.0,27.893174196932716,0
20210714,41831.0,37999.0,28.041976582668532,0
20210715,41811.0,37798.0,30.675535985903327,0
20210716,41768.0,37533.0,30.507839193228335,0
20210717,38029.0,33916.0,30.75519644349649,2
20210718,36118.0,31661.0,29.70678552702716,2
20210719,41902.0,38564.0,28.871502906277524,0
20210720,42038.0,37996.0,28.333571157880844,0
20210721,42806.0,37330.0,26.92889377285574,0
20210722,41895.0,36495.0,27.265138068267916,0
20210723,41423.0,35766.0,27.174608085762692,0
20210724,35354.0,30981.0,27.499585503493147,2
20210725,35478.0,31984.0,27.81678069044146,2
20210726,42650.0,38132.0,27.079774604970968,0
20210727,42794.0,38844.0,26.52444306338684,0
20210728,41670.0,38637.0,25.77772392600729,0
20210729,41965.0,38131.0,28.222386161011705,0
20210730,40884.0,37051.0,28.199230076863767,0
20210731,36626.0,31425.0,27.925085774307334,2
20210801,35541.0,30055.0,28.37674792575612,2
20210802,39204.0,34688.0,28.964114159490894,0
20210803,41033.0,35442.0,27.894631080866276,0
20210804,40476.0,35981.0,27.62699204169673,0
20210805,39869.0,35343.0,28.55236679983655,0
20210806,38593.0,33956.0,29.608016081492945,0
20210807,33128.0,29690.0,29.648998185260638,2
20210808,34240.0,30174.0,28.54291950675478,2
20210809,40006.0,35161.0,27.87586587615127,0
20210810,41199.0,36302.0,28.477940892547206,0
20210811,42443.0,36468.0,28.794772105718145,0
20210812,42672.0,36722.0,29.09338396977758,0
20210813,41870.0,36389.0,29.732779709280777,0
20210814,37944.0,32580.0,28.92677551394749,2
20210815,34537.0,31054.0,28.57488741620025,2
20210816,41417.0,36997.0,28.79469672642378,0
20210817,42096.0,37703.0,29.493106011333406,0
20210818,41137.0,36773.0,29.98838924638999,0
20210819,42449.0,37536.0,30.09598049816462,0
20210820,42372.0,37253.0,29.451645780230393,0
20210821,38324.0,33588.0,29.59941551845652,2
20210822,35401.0,31548.0,29.741756519873263,2
20210823,42163.0,37507.0,29.249347542982328,0
20210824,41885.0,37902.0,28.60411531270696,0
20210825,42436.0,38485.0,28.09280785615774,0
20210826,42459.0,37972.0,28.748285002085183,0
20210827,42580.0,37792.0,29.065852475113154,0
20210828,39634.0,34306.0,29.86181525478659,2
20210829,37014.0,32332.0,29.995500949394703,2
20210830,40993.0,37244.0,30.208807394129696,0
20210831,42179.0,37350.0,30.490101728983593,0
20210901,41585.0,37736.0,29.60272292482292,0
20210902,42067.0,37800.0,27.11406043544351,0
20210903,41827.0,37858.0,28.980277310764414,0
20210904,38206.0,33066.0,29.70793775426684,2
20210905,36102.0,31540.0,28.995238101418245,2
20210906,41641.0,37758.0,28.264132971868698,0
20210907,42118.0,38275.0,28.734588324113783,0
20210908,42350.0,38490.0,29.290415068788782,0
20210909,42075.0,38173.0,29.79411874021837,0
20210910,42040.0,38737.0,30.133809927991354,0
20210911,40446.0,36726.0,29.35356283198223,0
20210912,33924.0,29916.0,29.480531630133324,2
20210913,40518.0,36672.0,29.590973049847364,0
20210914,42019.0,38061.0,29.123054612258596,0
20210915,42217.0,38318.0,28.7883245216749,0
20210916,42354.0,37513.0,28.727343030978126,0
20210917,42107.0,37460.0,28.89772917171894,0
20210918,38292.0,33683.0,28.45121653170454,2
20210919,34442.0,31289.0,28.434525941675695,2
20210920,38130.0,31219.0,28.815588805176688,2
20210921,38016.0,31460.0,28.654071186433132,2
20210922,41725.0,37909.0,28.666533385543246,0
20210923,41194.0,38061.0,29.15764238015885,0
20210924,42195.0,37738.0,29.696119477386706,0
20210925,38991.0,33643.0,29.133122478962154,2
20210926,34592.0,31383.0,29.370442441910914,2
20210927,41573.0,37178.0,29.491517879545903,0
20210928,42230.0,36962.0,29.623558517001225,0
20210929,42005.0,37162.0,29.280605989702885,0
20210930,42445.0,37233.0,29.392839801355134,0
20211001,40465.0,37290.0,27.556630102424872,0
20211002,38793.0,33558.0,27.72976069345243,2
20211003,34310.0,30993.0,26.997829722765868,2
20211004,41261.0,37505.0,27.19359909463269,0
20211005,40361.0,37691.0,28.234658437920018,0
20211006,39916.0,37589.0,27.744914805390778,0
20211007,39332.0,37703.0,23.947662166528353,0
20211008,39454.0,37600.0,23.783747792759286,0
20211009,38544.0,33404.0,24.714443783992373,2
20211010,34556.0,30914.0,25.170547133658605,2
20211011,33434.0,30820.0,23.96258293452823,2
20211012,38428.0,36044.0,21.524379358396565,0
20211013,37921.0,35349.0,22.31500701817879,0
20211014,37734.0,34850.0,22.28240612536954,0
20211015,39149.0,36341.0,23.01443489075595,0
20211016,38048.0,32385.0,24.943757287942354,2
20211017,33855.0,27308.0,24.756950197134437,2
20211018,37985.0,32083.0,24.370187152258385,0
20211019,38272.0,32770.0,23.40393559393347,0
20211020,38324.0,33294.0,23.56281236025135,0
20211021,38850.0,32810.0,24.13819225409614,0
20211022,35137.0,31238.0,24.228241841150854,0
20211023,33201.0,28517.0,23.881108485371215,2
20211024,31984.0,26935.0,24.29743063337395,2
20211025,35729.0,31686.0,24.586534502914432,0
20211026,35792.0,32321.0,25.479523147011687,0
20211027,36221.0,32306.0,26.07357788559256,0
20211028,38642.0,31825.0,25.692760065054735,0
20211029,36669.0,31257.0,21.60474246818891,0
20211030,31941.0,28135.0,18.73842488731732,2
20211031,31688.0,27201.0,19.1069809001216,2
20211101,35005.0,31648.0,19.98910017381055,0
20211102,34776.0,31827.0,20.531123330092463,0
20211103,36321.0,32115.0,19.399710058244207,0
20211104,36217.0,32450.0,20.05232166001806,0
20211105,36120.0,33302.0,22.38538551407356,0
20211106,35347.0,29876.0,23.93624405438631,2
20211107,30861.0,28277.0,23.782194084409486,2
20211108,36624.0,31207.0,22.043927730310102,0
20211109,34155.0,30241.0,23.0362360449114,0
20211110,33811.0,30125.0,23.42705239704549,0
20211111,34089.0,30232.0,24.407440381943182,0
20211112,34264.0,29946.0,20.19057217439198,0
20211113,32410.0,27293.0,16.811003665076388,2
20211114,30894.0,26067.0,18.877499419683875,2
20211115,34260.0,30689.0,20.49893844174677,0
20211116,35096.0,31197.0,20.05720794648682,0
20211117,35310.0,31451.0,20.23973493705764,0
20211118,34746.0,31280.0,22.26836217238714,0
20211119,37044.0,31340.0,23.606989984942683,0
20211120,32372.0,28278.0,21.652442821866554,2
20211121,31360.0,27262.0,16.995270077516388,2
20211122,36938.0,30330.0,17.3347894941893,0
20211123,34242.0,30206.0,16.759260807043592,0
20211124,34321.0,30463.0,17.6956165923689,0
20211125,34715.0,30778.0,19.08395225685496,0
20211126,34263.0,30174.0,19.518631682565722,0
20211127,31417.0,27690.0,19.3988170388724,2
20211128,30156.0,26721.0,20.176917706847778,2
20211129,33850.0,31077.0,21.184391263838286,0
20211130,34452.0,30445.0,21.57193336611285,0
20211201,34388.0,29832.0,21.70567928010642,0
20211202,33971.0,30150.0,19.770280528150707,0
20211203,34641.0,29675.0,18.97247962960628,0
20211204,31522.0,27104.0,20.831703813078633,2
20211205,29808.0,26188.0,21.81945374763084,2
20211206,33979.0,30187.0,21.82402873992419,0
20211207,33105.0,30264.0,19.20537647745765,0
20211208,34530.0,30286.0,16.287124880321386,0
20211209,34119.0,30863.0,18.14829454423739,0
20211210,33948.0,30417.0,19.38406139213079,0
20211211,31070.0,27797.0,18.98623995076645,2
20211212,30720.0,26205.0,18.723486437907166,2
20211213,34324.0,30241.0,20.329921457704657,0
20211214,33801.0,30751.0,20.119582115534698,0
20211215,33678.0,30992.0,17.468888418373435,0
20211216,33884.0,31020.0,15.085121627831839,0
20211217,36586.0,29970.0,14.11194350526759,0
20211218,31221.0,26942.0,17.20307869136057,2
20211219,29514.0,26086.0,18.309633816200844,2
20211220,33026.0,30384.0,17.067239912696724,0
20211221,33610.0,30748.0,16.650003195137757,0
20211222,33818.0,30761.0,17.85285036570422,0
20211223,33440.0,31017.0,17.794028961173574,0
20211224,33391.0,30200.0,18.940258686263185,0
20211225,30323.0,27288.0,19.029067119894176,2
20211226,30001.0,26572.0,19.714731327849808,2
20211227,34054.0,30287.0,17.864421968061475,0
20211228,33225.0,29973.0,17.013299281940686,0
20211229,32720.0,29913.0,17.40990770192591,0
20211230,33412.0,29036.0,18.151238798786416,0
20211231,30370.0,26443.0,18.04454505935293,2
20220101,29007.0,25661.0,14.933556646887713,2
20220102,29556.0,25915.0,14.304798732278108,2
20220103,33160.0,29976.0,14.85717759576823,0
20220104,32950.0,30330.0,15.563576560568315,0
20220105,32961.0,30449.0,17.51979984223312,0
20220106,33485.0,30276.0,18.83947203963998,0
20220107,32972.0,29962.0,17.945609027864812,0
20220108,30503.0,27356.0,17.21770190983952,2
20220109,29720.0,26562.0,17.73808339692708,2
20220110,32696.0,30205.0,18.201723884971084,0
20220111,32878.0,30464.0,18.126013995815793,0
20220112,32426.0,30206.0,18.477047848454802,0
20220113,32642.0,30167.0,19.493836857378692,0
20220114,32524.0,29843.0,18.22214964665608,0
20220115,30085.0,27792.0,19.28566964648798,2
20220116,30222.0,26793.0,20.598018538720744,2
20220117,33302.0,30586.0,20.63356507661285,0
20220118,33034.0,30609.0,19.11563146057472,0
20220119,33319.0,30317.0,17.002324966398522,0
20220120,33281.0,30620.0,14.367091249178968,0
20220121,32922.0,30743.0,15.575341626353545,0
20220122,32518.0,29486.0,16.964663080448997,0
20220123,29462.0,27161.0,17.38849061321677,2
20220124,33477.0,30310.0,16.495325810112654,0
20220125,32970.0,30007.0,15.603190706586481,0
20220126,32599.0,30050.0,14.7983095311021,0
20220127,32870.0,29406.0,15.467775954221402,0
20220128,32353.0,27653.0,17.109427362096742,0
20220129,29565.0,26219.0,16.632175061906565,2
20220130,28194.0,25107.0,17.560217290379807,2
20220131,26232.0,23121.0,17.769985184943472,2
20220201,27302.0,22881.0,19.028192603892656,2
20220202,26200.0,22967.0,18.4793966640537,2
20220203,27091.0,23955.0,18.679248426966318,2
20220204,28268.0,24691.0,15.530364611568894,2
20220205,28246.0,25315.0,16.677693210659818,2
20220206,28991.0,25883.0,17.4329059635732,2
20220207,32739.0,29753.0,17.224377368388133,0
20220208,33384.0,29989.0,17.370244578215857,0
20220209,33102.0,30269.0,16.191036124462297,0
20220210,33351.0,30379.0,11.001659963675548,0
20220211,33508.0,30165.0,12.800112373674637,0
20220212,30938.0,28017.0,15.324884598051671,2
20220213,30795.0,27038.0,13.520872858485186,2
20220214,33538.0,30572.0,14.250510047812117,0
20220215,33475.0,30598.0,17.06745498811063,0
20220216,34156.0,30491.0,18.335283121341813,0
20220217,33843.0,30800.0,19.149192235802897,0
20220218,33809.0,30625.0,21.06779610151169,0
20220219,31380.0,28391.0,22.54288825991438,2
20220220,31406.0,28434.0,21.206380090620783,2
20220221,33367.0,31361.0,21.704635730811436,0
20220222,33580.0,30977.0,22.242656405392157,0
20220223,33885.0,31318.0,21.74403734763766,0
20220224,33609.0,31098.0,20.604024254371037,0
20220225,33527.0,30121.0,15.639525015889166,0
20220226,31259.0,27822.0,16.499208588480844,2
20220227,29926.0,26196.0,19.430968220677844,2
20220228,31464.0,27337.0,20.176721276947617,2
